<metadata xml:lang="en"><Esri><CreaDate>20131125</CreaDate><CreaTime>17253900</CreaTime><SyncOnce>FALSE</SyncOnce><DataProperties><lineage><Process Name="Create Feature Class" ToolSource="D:\ArcGIS\ArcToolbox\Toolboxes\Data Management Tools.tbx\CreateFeatureclass" Date="20041101" Time="134656">CreateFeatureclass "Database Connections\Connection to Authoritygisdata.sde\GISDBA.woollahra_teams" development_control # polygon_Layer SAME_AS_TEMPLATE SAME_AS_TEMPLATE "PROJCS['GDA_1994_Transverse_Mercator',GEOGCS['GCS_GDA_1994',DATUM['D_GDA_1994',SPHEROID['GRS_1980',6378137.0,298.257222101]],PRIMEM['Greenwich',0.0],UNIT['Degree',0.0174532925199433]],PROJECTION['Transverse_Mercator'],PARAMETER['False_Easting',500000.0],PARAMETER['False_Northing',10000000.0],PARAMETER['Central_Meridian',153.0],PARAMETER['Scale_Factor',0.9996],PARAMETER['Latitude_Of_Origin',0.0],UNIT['Meter',1.0]];275083.206823 6188429.547528 16942.971173;0.000000 100000.000000;0.000000 100000.000000" # 0 0 0 "Database Connections\Connection to Authoritygisdata.sde\GISDBA.woollahra_teams\GISDBA.development_control"</Process><Process Name="Append" ToolSource="D:\ArcGIS\ArcToolbox\Toolboxes\Data Management Tools.tbx\Append" Date="20041101" Time="134657">Append polygon_Layer "Database Connections\Connection to Authoritygisdata.sde\GISDBA.woollahra_teams\GISDBA.development_control" TEST "Database Connections\Connection to Authoritygisdata.sde\GISDBA.woollahra_teams\GISDBA.development_control"</Process><Process Name="FeatureClassToFeatureClass_1" ToolSource="D:\ArcGIS\ArcToolbox\Toolboxes\Conversion Tools.tbx\FeatureClassToFeatureClass" Date="20041101" Time="134657">FeatureClassToFeatureClass D:\gis\karen\workspace\woollahra_teams\dev_control_gda\dev_contmga\polygon "Database Connections\Connection to Authoritygisdata.sde\GISDBA.woollahra_teams" development_control # "AREA AREA VISIBLE;PERIMETER PERIMETER VISIBLE;DEV_CONTMGA# DEV_CONTMGA# VISIBLE;DEV_CONTMGA-ID DEV_CONTMGA-ID VISIBLE;ASS_TEAM ASS_TEAM VISIBLE" SAME_AS_TEMPLATE SAME_AS_TEMPLATE # 0 "Database Connections\Connection to Authoritygisdata.sde\GISDBA.woollahra_teams\GISDBA.development_control"</Process><Process ToolSource="c:\program files (x86)\arcgis\desktop10.1\ArcToolbox\Toolboxes\Data Management Tools.tbx\CalculateField" Date="20131024" Time="163249">CalculateField GIS.WMC.development_control TEAM_L [OFFICER] VB #</Process><Process ToolSource="c:\program files (x86)\arcgis\desktop10.1\ArcToolbox\Toolboxes\Conversion Tools.tbx\FeatureClassToFeatureClass" Date="20131106" Time="122813">FeatureClassToFeatureClass "Database Connections\GIS.WMC.sde\GIS.WMC.Woollahra_Teams\GIS.WMC.development_control" "Database Connections\GIS2.WMC.sde\GIS2.WMC.Woollahra_Teams" dev # "PERIMETER "PERIMETER" true false true 8 Double 8 38 ,First,#,Database Connections\GIS.WMC.sde\GIS.WMC.Woollahra_Teams\GIS.WMC.development_control,PERIMETER,-1,-1;DEV_CONTMGA_ "DEV_CONTMGA_" true false true 4 Long 0 10 ,First,#,Database Connections\GIS.WMC.sde\GIS.WMC.Woollahra_Teams\GIS.WMC.development_control,DEV_CONTMGA_,-1,-1;DEV_CONTMGA_ID "DEV_CONTMGA_ID" true false true 4 Long 0 10 ,First,#,Database Connections\GIS.WMC.sde\GIS.WMC.Woollahra_Teams\GIS.WMC.development_control,DEV_CONTMGA_ID,-1,-1;ASS_TEAM "ASS_TEAM" true false false 50 Text 0 0 ,First,#,Database Connections\GIS.WMC.sde\GIS.WMC.Woollahra_Teams\GIS.WMC.development_control,ASS_TEAM,-1,-1;GlobalID "GlobalID" false false false 38 GlobalID 0 0 ,First,#,Database Connections\GIS.WMC.sde\GIS.WMC.Woollahra_Teams\GIS.WMC.development_control,GlobalID,-1,-1;TEAM_L "TEAM_L" true true false 40 Text 0 0 ,First,#,Database Connections\GIS.WMC.sde\GIS.WMC.Woollahra_Teams\GIS.WMC.development_control,TEAM_L,-1,-1;ASSISTANT "ASSISTANT" true true false 30 Text 0 0 ,First,#,Database Connections\GIS.WMC.sde\GIS.WMC.Woollahra_Teams\GIS.WMC.development_control,ASSISTANT,-1,-1;SHAPE_STArea() "SHAPE_STArea()" false false true 0 Double 0 0 ,First,#,Database Connections\GIS.WMC.sde\GIS.WMC.Woollahra_Teams\GIS.WMC.development_control,SHAPE.STArea(),-1,-1;SHAPE_STLength() "SHAPE_STLength()" false false true 0 Double 0 0 ,First,#,Database Connections\GIS.WMC.sde\GIS.WMC.Woollahra_Teams\GIS.WMC.development_control,SHAPE.STLength(),-1,-1" #</Process><Process ToolSource="c:\program files\arcgis\pro\Resources\ArcToolbox\toolboxes\Conversion Tools.tbx\ExportFeatures" Date="20250210" Time="141529">ExportFeatures GIS.WMC.development_control "C:\Users\kechengZ\OneDrive - woollahra.nsw.gov.au\Documents\ArcGIS\Projects\Data Export\development_control.shp" # NOT_USE_ALIAS "ASS_TEAM "ASS_TEAM" true true false 50 Text 0 0,First,#,GIS.WMC.development_control,ASS_TEAM,0,49;TEAM_L "TEAM_L" true true false 40 Text 0 0,First,#,GIS.WMC.development_control,TEAM_L,0,39;ASSISTANT "ASSISTANT" true true false 30 Text 0 0,First,#,GIS.WMC.development_control,ASSISTANT,0,29" #</Process></lineage><itemProps><itemLocation><linkage Sync="TRUE">file://\\PCGIS1\C$\Users\kechengZ\OneDrive - woollahra.nsw.gov.au\Documents\ArcGIS\Projects\Data Export\development_control.shp</linkage><protocol Sync="TRUE">Local Area Network</protocol></itemLocation><itemName Sync="TRUE">development_control</itemName><imsContentType Sync="TRUE">002</imsContentType><itemSize Sync="TRUE">0.000</itemSize></itemProps><coordRef><type Sync="TRUE">Projected</type><geogcsn Sync="TRUE">GCS_GDA_1994</geogcsn><csUnits Sync="TRUE">Linear Unit: Meter (1.000000)</csUnits><projcsn Sync="TRUE">GDA_1994_MGA_Zone_56</projcsn><peXml Sync="TRUE">&lt;ProjectedCoordinateSystem xsi:type='typens:ProjectedCoordinateSystem' xmlns:xsi='http://www.w3.org/2001/XMLSchema-instance' xmlns:xs='http://www.w3.org/2001/XMLSchema' xmlns:typens='http://www.esri.com/schemas/ArcGIS/3.2.0'&gt;&lt;WKT&gt;PROJCS[&amp;quot;GDA_1994_MGA_Zone_56&amp;quot;,GEOGCS[&amp;quot;GCS_GDA_1994&amp;quot;,DATUM[&amp;quot;D_GDA_1994&amp;quot;,SPHEROID[&amp;quot;GRS_1980&amp;quot;,6378137.0,298.257222101]],PRIMEM[&amp;quot;Greenwich&amp;quot;,0.0],UNIT[&amp;quot;Degree&amp;quot;,0.0174532925199433]],PROJECTION[&amp;quot;Transverse_Mercator&amp;quot;],PARAMETER[&amp;quot;False_Easting&amp;quot;,500000.0],PARAMETER[&amp;quot;False_Northing&amp;quot;,10000000.0],PARAMETER[&amp;quot;Central_Meridian&amp;quot;,153.0],PARAMETER[&amp;quot;Scale_Factor&amp;quot;,0.9996],PARAMETER[&amp;quot;Latitude_Of_Origin&amp;quot;,0.0],UNIT[&amp;quot;Meter&amp;quot;,1.0],AUTHORITY[&amp;quot;EPSG&amp;quot;,28356]]&lt;/WKT&gt;&lt;XOrigin&gt;-5120900&lt;/XOrigin&gt;&lt;YOrigin&gt;1900&lt;/YOrigin&gt;&lt;XYScale&gt;450445547.3910538&lt;/XYScale&gt;&lt;ZOrigin&gt;-100000&lt;/ZOrigin&gt;&lt;ZScale&gt;10000&lt;/ZScale&gt;&lt;MOrigin&gt;-100000&lt;/MOrigin&gt;&lt;MScale&gt;10000&lt;/MScale&gt;&lt;XYTolerance&gt;0.001&lt;/XYTolerance&gt;&lt;ZTolerance&gt;0.001&lt;/ZTolerance&gt;&lt;MTolerance&gt;0.001&lt;/MTolerance&gt;&lt;HighPrecision&gt;true&lt;/HighPrecision&gt;&lt;WKID&gt;28356&lt;/WKID&gt;&lt;LatestWKID&gt;28356&lt;/LatestWKID&gt;&lt;/ProjectedCoordinateSystem&gt;</peXml></coordRef></DataProperties><ArcGISFormat>1.0</ArcGISFormat><ArcGISstyle>Item Description</ArcGISstyle><SyncDate>20250210</SyncDate><SyncTime>14152900</SyncTime><ModDate>20250210</ModDate><ModTime>14152900</ModTime></Esri><idinfo><citation><citeinfo><onlink Sync="TRUE">\\PCTS22\E$\New File Geodatabase.gdb</onlink></citeinfo></citation></idinfo><distInfo><distributor><distorTran><onLineSrc><linkage Sync="TRUE">file://\\PCTS22\E$\New File Geodatabase.gdb</linkage><protocol Sync="TRUE">Local Area Network</protocol></onLineSrc></distorTran></distributor><distFormat><formatName Sync="TRUE">Shapefile</formatName></distFormat><distTranOps><transSize Sync="TRUE">0.000</transSize></distTranOps></distInfo><dataqual><lineage><procstep><procdesc Sync="TRUE">Dataset copied.</procdesc><srcused Sync="TRUE">Server=Authority; Service=5151; User=gisdba; Version=SDE.DEFAULT</srcused><date Sync="TRUE">20080501</date><time Sync="TRUE">15082300</time></procstep><procstep><procdesc Sync="TRUE">Dataset copied.</procdesc><srcused Sync="TRUE">Server=authority; Service=5151; User=sde; Version=SDE.DEFAULT</srcused><procdate Sync="TRUE">20120813</procdate><proctime Sync="TRUE">14394900</proctime></procstep></lineage></dataqual><dataIdInfo><envirDesc Sync="TRUE">Microsoft Windows 10 Version 10.0 (Build 19045) ; Esri ArcGIS 13.2.2.49743</envirDesc><dataLang><languageCode value="eng" Sync="TRUE"/><countryCode value="USA" Sync="TRUE"/></dataLang><idCitation><resTitle Sync="TRUE">development_control</resTitle><presForm><PresFormCd value="005" Sync="TRUE"/></presForm></idCitation><spatRpType><SpatRepTypCd value="001" Sync="TRUE"/></spatRpType></dataIdInfo><mdLang><languageCode value="eng" Sync="TRUE"/><countryCode value="USA" Sync="TRUE"/></mdLang><mdHrLv><ScopeCd value="005" Sync="TRUE"/></mdHrLv><mdHrLvName Sync="TRUE">dataset</mdHrLvName><refSysInfo><RefSystem><refSysID><identCode code="28356" Sync="TRUE"/><idCodeSpace Sync="TRUE">EPSG</idCodeSpace><idVersion Sync="TRUE">2.1(3.0.1)</idVersion></refSysID></RefSystem></refSysInfo><spatRepInfo><VectSpatRep><geometObjs Name="development_control"><geoObjTyp><GeoObjTypCd value="002" Sync="TRUE"></GeoObjTypCd></geoObjTyp><geoObjCnt Sync="TRUE">0</geoObjCnt></geometObjs><topLvl><TopoLevCd value="001" Sync="TRUE"></TopoLevCd></topLvl></VectSpatRep></spatRepInfo><spdoinfo><ptvctinf><esriterm Name="development_control"><efeatyp Sync="TRUE">Simple</efeatyp><efeageom code="4" Sync="TRUE"></efeageom><esritopo Sync="TRUE">FALSE</esritopo><efeacnt Sync="TRUE">0</efeacnt><spindex Sync="TRUE">FALSE</spindex><linrefer Sync="TRUE">FALSE</linrefer></esriterm></ptvctinf></spdoinfo><eainfo><detailed Name="development_control"><enttyp><enttypl Sync="TRUE">development_control</enttypl><enttypt Sync="TRUE">Feature Class</enttypt><enttypc Sync="TRUE">0</enttypc></enttyp><attr><attrlabl Sync="TRUE">FID</attrlabl><attalias Sync="TRUE">FID</attalias><attrtype Sync="TRUE">OID</attrtype><attwidth Sync="TRUE">4</attwidth><atprecis Sync="TRUE">0</atprecis><attscale Sync="TRUE">0</attscale><attrdef Sync="TRUE">Internal feature number.</attrdef><attrdefs Sync="TRUE">Esri</attrdefs><attrdomv><udom Sync="TRUE">Sequential unique whole numbers that are automatically generated.</udom></attrdomv></attr><attr><attrlabl Sync="TRUE">ASS_TEAM</attrlabl><attalias Sync="TRUE">ASS_TEAM</attalias><attrtype Sync="TRUE">String</attrtype><attwidth Sync="TRUE">50</attwidth><atprecis Sync="TRUE">0</atprecis><attscale Sync="TRUE">0</attscale></attr><attr><attrlabl Sync="TRUE">TEAM_L</attrlabl><attalias Sync="TRUE">TEAM_L</attalias><attrtype Sync="TRUE">String</attrtype><attwidth Sync="TRUE">40</attwidth><atprecis Sync="TRUE">0</atprecis><attscale Sync="TRUE">0</attscale></attr><attr><attrlabl Sync="TRUE">ASSISTANT</attrlabl><attalias Sync="TRUE">ASSISTANT</attalias><attrtype Sync="TRUE">String</attrtype><attwidth Sync="TRUE">30</attwidth><atprecis Sync="TRUE">0</atprecis><attscale Sync="TRUE">0</attscale></attr><attr><attrlabl Sync="TRUE">Shape</attrlabl><attalias Sync="TRUE">Shape</attalias><attrtype Sync="TRUE">Geometry</attrtype><attwidth Sync="TRUE">0</attwidth><atprecis Sync="TRUE">0</atprecis><attscale Sync="TRUE">0</attscale><attrdef Sync="TRUE">Feature geometry.</attrdef><attrdefs Sync="TRUE">Esri</attrdefs><attrdomv><udom Sync="TRUE">Coordinates defining the features.</udom></attrdomv></attr></detailed></eainfo><mdDateSt Sync="TRUE">20250210</mdDateSt></metadata>
